Actual_Price,Linear Regression_Predicted,Random Forest_Predicted,XGBoost_Predicted
9770,9319.5,8544.55,8936.411
17770,19993.625,16507.0,17007.33
7590,4934.75,7794.0,7165.567
12080,12084.0,11329.2,11913.995
25230,25228.625,21882.35,24281.33
7590,6340.75,7398.8,7104.5747
8350,5497.75,7502.2,7469.812
10230,7604.0,9436.65,10303.826
6980,6978.0,6626.35,6852.2744
6560,4407.4375,5939.65,5007.1562
20120,20121.25,17040.35,19070.768
13710,11448.75,12958.0,12348.876
3170,2524.75,2952.05,2767.0366
11070,10403.5,9457.7,9536.913
2430,2423.75,2291.6,2115.411
4460,4470.4375,4021.6,3444.1519
2910,2066.0,2836.45,2267.7622
2170,2120.25,1960.15,1993.5206
4720,5026.1875,4511.15,4464.372
2550,2623.5625,2526.75,2407.632
1520,854.75,1507.6,1599.4618
9350,9347.5,8369.15,8794.571
3330,3797.3125,3127.9,2818.338
7030,5430.0,7373.6,7333.4
6180,6773.75,5985.8,5206.87
2500,2508.75,2318.0,2090.9155
8420,8726.75,7928.3,8336.808
6550,6551.25,5655.9,5745.728
9120,4401.75,8426.45,7000.9253
2180,2182.25,2032.45,2091.3298
8260,8262.75,6148.35,7192.02
3170,2661.25,3017.4,2945.173
1820,3164.125,1814.05,2140.399
2460,2271.5,2367.05,2072.8826
21340,21342.0,19540.75,20323.258
13980,13917.0,12682.45,12810.063
4050,3666.25,3665.7,3550.18
10160,9614.75,9818.7,9358.773
1910,1609.5,1775.3,1745.0798
2630,2291.1875,2597.0,2266.3862
4880,4441.6875,4676.1,4229.0005
1550,610.25,1496.35,1417.1385
5100,4514.75,4696.6,3731.2544
13840,16627.9375,14155.95,14209.249
3140,3525.875,2974.7,2711.3296
16140,10951.75,15042.3,15004.634
9880,8530.25,9460.5,8894.899
2150,1367.25,2023.95,2025.7769
1920,2225.0,1823.4,2171.778
8140,7529.5,7454.15,7259.851
2530,2319.25,2608.4,2501.8547
7590,7002.0,6966.95,7311.2407
3900,3497.875,3780.5,3675.9211
5160,3316.25,4571.3,3887.9854
5930,5929.75,5798.7,5036.6123
8290,8289.1875,8340.4,7516.6353
11280,10832.75,10597.8,10915.307
16690,10907.4375,15674.25,16496.836
1860,1641.0,1854.7,1855.6808
1850,3337.125,1810.6,1641.8392
14330,16147.375,14124.4,14099.16
2630,2291.1875,2597.0,2266.3862
2520,2517.25,2405.1,2289.6877
3490,3820.25,3337.35,3435.293
2770,1577.0,3209.7,3065.291
2360,2762.75,2156.8,2268.7297
2100,2099.25,2007.55,2276.3674
2520,2521.5,2404.8,1774.7686
4650,4670.125,4749.9,4377.4346
2500,1997.3125,2442.5,1985.0083
4810,3717.5,4559.2,4233.347
2240,2350.75,2351.65,1946.3291
2010,1920.0,2021.45,1887.565
2200,2199.1875,2647.25,3278.234
3600,3600.0625,3420.75,3753.1309
3020,2284.75,3075.1,3030.9875
11280,10832.75,10597.8,10915.307
3020,2916.75,3239.05,3453.4739
1580,1287.0,1445.6,1854.8623
1920,1917.75,1981.95,2145.4778
1890,1889.75,1748.0,1989.0048
5240,5239.75,4995.8,5156.664
2120,2312.0,2294.6,1930.6848
2620,2617.75,2546.1,2395.8335
3500,3224.5625,3458.05,3326.6667
2510,2259.6875,2470.3,2674.6985
3470,3469.5,2766.4,2412.6328
3120,3002.0,2588.35,2063.4404
2710,1999.75,2569.0,2433.905
2590,2142.5,2563.95,2499.3083
2500,2497.25,2277.35,2294.7427
5140,4260.5,4714.1,4107.9893
2030,1787.5,1867.55,2180.5195
2130,1925.75,1906.2,1874.2008
4180,3210.75,3632.25,3126.2332
1520,2030.75,1485.85,1621.787
4250,4063.5,3989.95,3612.9084
4420,4249.5,4279.65,4087.367
4390,4166.5,4169.4,3583.1284
5300,5299.5,5118.05,5023.2617
3960,3960.5625,3857.35,3728.262
1890,2651.75,1785.2,1807.2352
3830,3827.25,3772.95,2822.2986
3050,3052.0,2995.3,2849.0908
3680,4068.0625,3319.35,3205.9653
3980,3432.0,3471.15,3697.018
1550,2008.25,1591.85,1416.6478
2180,2213.75,1996.1,1835.2131
1920,1579.25,1894.45,1808.4637
2150,2035.25,2063.55,2135.9937
4890,4104.0,4725.5,4056.5054
6000,5442.0,5759.8,5051.682
2960,2248.25,2724.75,2495.6453
1660,3215.0,1631.9,1807.2352
11760,10309.75,11367.4,11171.427
19890,19893.0,18706.5,19541.814
8660,6149.75,8897.95,9221.658
25020,23009.8125,24123.7,24848.879
3430,3498.75,3524.55,3359.7437
2250,2749.3125,2159.05,2214.4204
4280,4279.5625,3984.45,3719.7458
3000,3000.0,2784.6,2342.495
1960,2399.0,1862.9,2255.1501
2960,2965.0,2838.6,2431.989
2080,4077.25,2019.9,2862.106
3610,4914.6875,3793.05,3762.5579
3550,3108.75,3210.7,2767.2898
4260,3826.125,4136.7,4056.8413
5260,5890.25,5453.9,5051.682
2480,2392.25,2413.45,2525.445
13010,11543.625,13275.15,13303.918
2070,1498.75,2062.0,2244.2646
2510,2511.75,2488.95,2309.5637
2500,2456.75,2468.65,2390.8904
2520,2545.5,2681.75,2710.2832
2190,2130.75,2149.8,2545.6533
2470,2198.75,2419.45,2354.7356
2550,2056.75,2546.5,2525.702
3260,3418.0,3423.45,3010.7327
2270,2273.0,2285.8,2296.1523
1480,1108.5,1454.3,1716.8235
1840,1840.25,2170.5,2436.001
2520,2234.0,2449.85,2198.2236
2610,2692.75,2550.55,2738.2588
10160,10008.0,9783.6,8701.294
2710,2869.75,2803.4,2936.9382
2370,2293.75,2370.7,2223.493
3020,2776.75,2859.5,2621.0051
2640,2807.0,2566.95,2342.6562
6430,6514.4375,8390.05,6522.589
1730,1929.5,1570.0,1514.2675
2220,2221.0,2127.05,2302.031
2590,2589.5,2392.8,2208.8516
2660,2184.25,2460.4,2572.2983
4390,4182.25,3956.0,3246.2202
2920,2212.25,2497.35,2706.0444
4950,4959.8125,4782.05,4390.388
2420,1986.25,2315.25,2555.2126
4350,3026.5,4096.15,3700.6199
4210,4030.0,3934.6,3246.2202
24680,18534.4375,23958.75,24182.703
4420,4417.0,3854.35,3346.2246
6620,7613.5,5847.8,4681.2256
1730,1549.75,1779.25,1953.2732
1630,1493.0,1567.3,1579.7516
5210,5116.5,4946.9,4139.339
2090,1664.25,1991.8,2171.778
1480,1433.25,1290.25,1407.5728
2740,2737.25,2603.45,2757.5146
5780,5038.75,5079.9,4558.2715
9680,8741.125,9002.35,8477.56
1550,1650.5,1555.7,1466.867
2000,2350.75,2005.45,2144.0493
2710,2709.75,2590.8,2391.2063
2790,2787.25,2700.55,2684.515
2640,2426.25,2597.35,2763.528
9410,9655.0,9635.85,9311.557
7220,5683.0,6717.8,6301.0347
3610,3610.0625,3395.35,3793.1638
17040,11866.0,17086.0,17107.64
4520,4135.5,4227.7,3798.7844
1870,1551.75,1749.65,1918.7006
1680,1672.75,1590.4,2003.0483
9680,8663.25,9243.75,9032.77
19910,19908.25,17283.8,19390.797
2960,3753.75,3078.75,3180.721
1820,1704.25,1751.3,1944.0726
2870,2876.25,3059.15,3262.157
4550,3765.3125,4382.65,4187.9346
1870,1294.25,1637.4,1413.5125
5700,5700.25,6217.85,5954.435
2970,2967.5,2980.3,3068.9724
1660,1345.0,1529.75,1672.8552
7250,6531.0,5949.3,6708.3965
4490,4103.5625,4368.75,3944.807
1770,1955.75,1571.3,1562.7128
4770,4468.25,4483.05,3845.008
1600,1623.75,1485.45,1366.2954
17390,16001.5,16596.4,16843.848
3560,4623.25,3566.15,3551.8289
4510,4156.25,4339.4,3802.983
4080,4078.75,3586.5,3001.0906
3200,3285.25,3357.4,2968.8894
3910,3905.75,3920.3,3814.4888
5320,6294.875,5598.6,5748.3525
5390,4615.875,4919.35,4747.533
4860,4150.75,4771.1,4716.1963
2460,2814.5,2475.55,2474.0876
1920,1920.5,1777.0,1891.0132
3390,2625.75,2937.4,2756.2026
1620,1936.75,1632.4,1660.0187
2300,1823.75,2222.9,2367.7412
3530,3357.0,3176.15,2732.6157
3570,3628.0,3258.2,2994.0852
9820,9819.25,9230.65,9911.808
2090,1756.75,2097.6,1887.565
13570,13573.5,11856.6,13542.674
5100,5017.25,6443.05,6246.0083
11910,11567.25,11712.7,11940.474
6670,6576.0,7034.9,6331.6055
9960,9697.0,9692.6,9311.557
4310,4311.5,3907.5,3228.7764
20650,19122.0,18864.35,19508.154
3350,3242.75,3118.35,2626.7002
9910,6524.9375,8821.75,8753.018
16070,17970.9375,14129.9,14829.68
7240,8507.125,9483.35,6853.5435
8680,8680.625,6473.75,7640.2817
7670,7439.875,7899.55,7423.328
7590,6799.0,6848.35,7345.8267
5740,5203.125,4861.95,5119.763
2360,3053.5625,2276.25,2071.5022
5230,5101.8125,5021.3,4995.015
9690,10049.0,9453.0,8701.294
6100,4592.0,5913.35,5999.105
9050,7876.875,7853.35,7842.361
7140,7143.375,6704.3,6098.972
1530,1877.75,1581.25,1754.2566
1660,821.25,1565.1,1417.1385
4860,3509.5,4632.65,4517.087
5570,5570.875,4211.9,5418.488
2980,3304.25,2950.8,2919.9326
10640,9727.75,9796.55,9399.893
6680,7598.375,6137.35,5948.806
12460,10853.75,11733.4,11866.739
6280,5465.0,5658.0,5051.738
4440,3918.375,4218.4,4056.8413
3130,3129.0,2900.85,2529.7944
23770,18566.8125,23834.0,24137.203
10160,10156.4375,10078.75,9776.202
5680,5676.25,6566.55,5805.0303
7100,6520.5,6861.55,6396.3613
24400,18594.1875,24152.05,24102.766
10580,10534.25,10712.3,10950.061
11550,11551.25,10352.7,10480.247
1520,1508.75,1445.6,1643.8395
4250,4247.75,4688.3,4893.4863
14260,14260.25,13790.65,14385.405
12470,12469.75,11056.3,11426.259
6200,5881.625,5858.5,5199.357
13840,13902.1875,13292.65,13701.586
10650,10219.75,10078.4,9450.754
32180,24045.9375,30319.8,31182.406
10710,10118.25,10338.05,9748.61
1370,1957.75,1378.2,1673.6238
5990,5305.25,5550.6,5342.3135
6480,6884.75,6348.35,6351.7754
2300,2302.0,2304.15,2317.7146
2080,1906.25,2017.8,2240.413
3560,2811.0,3438.8,3124.4246
3090,3091.5,3211.35,2784.2559
2430,3138.0,2750.4,2883.059
1940,1939.5,1832.0,1617.2227
7210,5730.0,5586.2,5255.8184
1760,1108.5,1746.35,1915.3483
2210,2294.25,1928.5,1670.3181
3130,3025.0,3504.65,3088.7544
1530,871.0625,1864.4,2188.3296
4460,4459.75,4249.95,3778.8867
4160,3583.75,3966.6,3770.6204
2840,2841.1875,2547.15,2061.9436
4370,4262.5,5126.6,5178.453
2770,2519.75,3400.85,3014.6248
2770,2504.75,2799.4,2905.039
3640,2673.25,3281.9,3037.4548
2210,437.5,2183.3,2305.1707
2800,2122.5,2632.15,2295.2778
5430,4843.5625,5233.35,5236.1846
9340,7818.75,9681.5,8735.077
1370,1417.25,1396.5,1523.1198
2100,2098.75,2079.55,2190.7842
3890,3749.375,3797.6,3539.4377
2340,1982.0,2389.4,2243.3284
2390,2353.5,2482.85,2500.436
3120,3030.75,2889.25,2957.2344
4980,4983.8125,5128.95,5231.298
4550,4641.25,4494.6,4244.231
2310,2240.0,2535.55,3048.4998
3050,3241.75,3082.55,3144.0732
2410,1819.25,2351.4,2413.6375
3620,3403.75,3137.65,2731.6077
2150,2149.5,2012.7,2213.6843
2480,2481.25,2404.35,3263.5398
1660,945.5625,1797.85,2121.8074
4740,4854.25,4626.85,4239.4985
1930,2429.0,1885.65,2156.6404
4510,4868.625,4207.65,4348.4106
1760,1356.1875,1644.35,1725.9514
2830,1838.4375,2869.35,2834.233
3520,3432.75,3702.55,3596.7085
4080,4080.875,3764.9,3633.74
3090,3163.75,3124.5,3273.1025
2930,2648.25,2678.15,2719.8193
1480,1478.75,2067.75,2515.0002
2590,2592.75,2503.2,2448.9814
2160,2158.75,1916.25,1442.4082
1480,1768.75,1446.95,1523.1198
3390,2514.5625,3366.3,3269.4343
3000,2765.0,2753.45,2452.7354
4800,5893.875,4817.35,4848.438
4300,4299.25,3526.0,3244.9053
3490,4018.25,3429.3,3068.9636
1550,1854.75,1445.05,1406.3528
3750,3749.5,3270.1,2767.899
2320,1713.0,2257.7,2218.9954
1380,983.5,1380.85,1401.393
1350,614.0,1317.8,1401.393
1890,1889.875,1829.0,2024.459
4220,4118.75,4244.7,4298.4497
2050,2155.25,2005.85,2344.6614
2040,2039.75,2023.3,2276.3674
3910,3909.3125,4939.95,4976.0596
2360,2175.0625,2399.65,2271.9363
5300,3944.75,5728.1,5641.6426
4650,5313.625,4527.25,4684.093
2730,3178.25,2753.7,2734.9126
1770,2504.0,1916.0,2081.4856
2530,2317.0,2447.7,3061.1223
3770,2909.5,3520.4,2787.646
1270,821.75,1327.75,1285.9473
1300,1351.75,1366.35,1523.1198
2290,2263.25,2252.2,2367.1846
4750,4226.75,4516.15,4162.0796
2100,2319.5,1943.55,1857.5029
4620,4158.625,4542.15,4343.189
2310,1895.75,2168.95,2158.1716
4570,4409.5,4238.4,3643.7314
2020,2017.75,1895.15,1417.1385
3450,3200.25,3643.3,3704.2551
4870,4269.25,4790.25,4716.1963
2390,2666.0,2260.7,2025.6659
3200,3206.75,3146.85,2806.981
2390,2388.5,2193.9,1819.9403
3740,5111.8125,4393.55,4863.3926
4170,4168.25,4345.25,4322.867
4800,5184.0,4707.25,4848.438
3710,3632.75,3451.6,3226.0308
1970,1990.25,1948.8,2114.1736
4840,3388.25,4552.75,4578.8916
5350,4469.25,5251.8,4658.1245
1920,1922.5,1889.45,2387.601
1560,1187.75,1444.15,1413.5125
4820,4457.1875,4260.45,4236.377
2620,2620.4375,2394.75,2173.5566
1690,1526.5,1699.0,1900.2106
6230,5200.125,5638.15,5789.1025
4320,4318.5,3965.15,3283.5112
2720,2506.75,2656.95,2826.4841
3950,4207.5625,3978.25,4042.7979
4610,3641.25,4296.15,3191.7078
3260,3259.75,2767.55,2427.0889
5010,6882.375,4907.3,5046.84
3450,2603.3125,3354.35,3504.9143
2410,2411.25,2928.55,3436.4456
1740,1436.5,1707.8,1962.5653
2250,1920.5,2286.35,2532.8657
1880,1716.25,1783.8,2276.3674
3760,2947.25,3520.15,3241.3862
1680,1839.25,1706.5,1836.1398
2600,2729.5,2448.75,2692.9478
4820,4801.25,4807.9,4416.951
5090,5379.0,4858.95,4904.606
1980,1895.25,1739.9,1622.0958
2910,2909.5,2845.55,2820.523
4590,5223.9375,4730.6,4700.4995
1960,1544.0,1885.35,2294.6736
6590,6850.25,6607.6,6742.012
2560,2217.0,2516.55,2198.2236
1890,1890.25,2465.3,2944.3584
3460,3539.75,3529.1,3745.509
2410,2613.25,2274.35,1905.4313
3920,4059.5625,3951.75,3917.305
3480,3863.25,3510.7,3851.4343
9740,9739.25,9969.9,9231.887
11140,10565.5,10783.1,10499.8125
3370,3333.25,3480.45,3658.9565
3060,3059.75,2662.9,2349.3484
6680,7447.25,6241.85,6393.8184
2170,2170.75,1961.0,1679.0944
8460,9486.75,8967.25,8476.493
4190,4187.5,4437.5,4414.6567
5050,5402.0,5114.55,4661.142
5320,5459.5,5128.0,4734.328
11320,11099.75,11018.9,11307.889
2980,3442.75,2884.95,2742.9084
5460,4963.5,5310.1,4644.0815
12230,12232.0625,11483.1,12132.594
5910,4535.125,5613.35,4519.281
1530,2996.5,1502.25,1825.1792
4330,4328.25,3593.95,3266.9377
4880,4665.3125,4638.75,4318.0386
4310,3915.875,4272.35,4022.3828
2160,1724.75,2278.8,2533.6646
4160,3850.9375,4041.5,4057.1357
2730,2700.75,2937.45,2564.199
2550,1846.25,2426.7,2750.9517
4740,4499.75,4249.2,4378.2183
1910,1352.5,1801.8,1993.34
3700,3615.25,3808.75,3885.0786
4120,3964.5,3860.55,3494.0627
2250,1942.0,2507.1,2784.4158
4050,2808.0,3965.15,3558.9402
1900,2111.25,1921.65,2113.5825
2040,2151.75,2298.0,2497.0881
3700,3473.75,3683.7,3427.0051
1840,1942.75,1837.7,1938.7163
1630,1773.5,1879.2,1862.0416
4820,4820.125,4423.45,3768.3584
1830,1872.0,1839.6,2004.9651
3520,3217.5,3159.8,3205.9653
4680,4666.25,4578.45,4279.7983
4150,4459.75,4182.4,3738.6091
4020,3771.75,3975.3,3948.5986
2090,2138.5,1954.0,1993.6603
2460,2459.25,2430.0,2429.2178
2750,2416.5,2586.4,2021.3295
3820,2466.75,3337.2,2997.6658
7780,3931.25,7746.9,6537.2617
1710,2074.0625,1766.1,1838.4884
3010,4152.9375,2860.5,2927.4766
3240,3237.25,3218.75,3011.2532
1640,1915.8125,1568.25,2141.996
9940,9772.25,9754.2,9483.384
3960,4222.3125,4181.25,4639.0405
4100,4225.25,4013.65,3765.6106
1710,769.0,1741.95,1691.3967
2030,2037.875,2122.05,2359.3445
16730,20349.3125,16378.5,16832.623
3900,4736.6875,3694.55,3545.882
4600,5813.8125,5585.2,6176.117
1950,1948.25,2238.95,2977.4775
4010,1890.8125,4321.5,4725.7856
3420,3276.875,3522.2,3704.2551
2370,2368.25,2365.0,2488.4
2460,2784.0,2436.9,2300.7021
3010,3274.75,3065.95,2741.6687
17990,17990.0,14413.25,17612.488
10070,9309.8125,9638.8,8936.47
14780,20070.25,14398.6,14569.343
4410,4364.25,4329.45,3717.4014
2410,2571.3125,3086.75,3567.1562
8720,8822.25,8610.8,8683.628
2750,2753.4375,3172.05,3787.959
2320,2054.25,2242.5,2105.9377
4420,4154.5,4639.25,4654.547
2880,2883.5625,3078.25,3851.1218
3160,3169.25,3271.95,2967.7178
2060,1101.5,2044.0,2068.3062
6270,6402.5,6339.8,6756.635
3310,4358.125,3267.2,3354.5918
2500,2970.5625,2797.95,2594.0046
1410,1412.25,1741.3,2191.0847
1750,1690.0,1619.25,1733.2163
2910,2899.25,3063.8,2691.115
2240,1212.0,2106.3,2068.3062
1990,1989.8125,2509.3,3056.0942
3690,3689.25,4088.15,3837.6792
3740,3571.75,3597.5,3423.514
2980,2978.25,3346.55,3707.114
4080,3377.0,4064.65,3668.3618
2700,2275.0,2527.8,2336.4746
4210,4541.5,4443.85,4578.8916
1740,1978.5,1700.85,1993.34
4160,3740.875,4138.5,3984.4912
2770,2770.75,2580.7,2404.513
2110,1780.375,2903.2,2909.727
4190,4683.0,4037.95,3279.4727
1600,1496.0,1591.75,1816.8387
2240,2237.9375,2124.4,1969.2072
2780,2434.25,2687.75,2224.4402
3560,3272.5,3489.85,3010.7327
3980,4281.0,3927.7,3612.4749
1590,1506.75,1615.0,1880.7866
3890,3525.0,3905.65,3554.6492
1980,2229.25,1864.45,2022.249
1970,2039.25,2052.4,2473.1667
4020,3955.25,3849.85,3369.9634
2650,2640.5,2595.1,2889.5813
1690,1273.0,1694.2,1900.2106
2140,2140.625,1976.8,1969.2072
4460,5164.75,4526.05,4212.911
2980,2392.75,2934.4,2718.8594
1960,1837.4375,1821.9,1967.6176
1260,2897.9375,1454.45,2103.8323
12820,11575.75,14003.5,13033.718
4370,4830.75,3802.6,3299.4788
3950,3082.75,3929.05,3996.5024
4920,4920.5,5376.9,5783.2324
1760,1174.25,1687.45,1859.4117
3600,3665.75,3478.4,3195.3977
3840,3835.625,4091.95,4470.7583
3150,3863.75,3431.4,3163.0032
4380,4453.25,4263.55,4199.918
5690,5303.25,5259.25,4949.8555
2480,2236.5625,2384.05,2173.6104
5980,5805.3125,5599.4,5435.3965
2140,2141.0,2324.25,2147.595
5460,5460.375,5422.55,4901.09
4130,4126.125,3807.95,3610.7876
2640,2515.5,2744.05,2896.8042
15300,8724.125,15569.1,15690.644
1740,1740.0,2056.55,2406.3093
1870,1866.5,1975.6,2269.7256
1810,1705.0,2296.85,2805.5784
9870,9104.125,9497.75,8843.985
4610,5082.5,4585.95,4283.081
2620,2735.5,2588.5,2574.6018
2350,2350.75,2275.5,2526.7192
2560,2562.75,2701.55,3113.834
1970,2191.75,1956.1,2010.3376
1170,1328.0,1159.25,1239.426
1620,437.5,1688.25,1774.7686
2010,1999.25,2038.55,2598.4001
1420,1335.75,1464.05,1792.905
2490,2849.25,2411.7,2514.9263
3390,3391.5,3037.15,2694.8892
11810,11812.6875,9715.15,10818.395
1730,2495.25,1943.8,2307.6204
2390,1564.75,2275.4,2473.32
1900,1851.0,2037.85,2192.1235
2790,3095.75,2929.65,2662.0671
20600,19726.25,20666.2,21097.695
2550,2916.75,2576.15,2763.528
3450,3445.0625,3390.4,3186.0461
1480,1057.25,1481.65,1673.6238
4640,5018.75,4536.2,4545.3335
2920,3432.75,2966.65,2829.5903
1710,985.5,1659.65,1700.597
1450,1822.5,1663.85,1808.4637
1670,1671.25,1675.6,1887.149
4640,4643.375,4647.85,5130.4175
1500,2233.25,1489.45,1815.5144
1520,1520.5,1898.1,2435.7886
2370,2370.75,2238.2,2305.1013
4970,6451.375,4695.9,4809.457
1350,2714.25,1344.3,1597.4707
4300,5644.4375,4475.2,4700.4995
1640,1390.5,1537.75,1686.3926
13980,19671.0,13483.2,13811.924
7060,7645.75,7147.4,7565.2646
22310,22050.625,22278.1,22475.697
2450,2207.25,2335.3,1880.1616
3970,4616.4375,3779.75,3925.697
1620,1677.5,1655.55,1891.3275
3120,3029.6875,3109.25,2434.4175
4080,2768.5,4238.85,4517.087
19270,24027.625,17744.25,18978.682
3910,3769.0,3576.0,3497.694
4030,7036.6875,4035.85,3803.9045
7020,7087.5,7116.45,7366.7554
1380,1224.0,1365.6,1372.9106
5930,4496.0,5950.85,6484.0513
5490,4831.375,5509.0,4779.186
1320,1320.25,1446.15,2020.4807
3370,3282.25,3490.5,3489.8975
4450,3196.75,4521.35,4578.8916
1670,1225.25,1666.4,1698.9491
2420,2038.25,2208.9,1915.3483
6450,6174.75,6379.15,6294.5435
9840,10207.25,9619.35,9623.605
9570,10027.75,9529.95,9153.887
2620,3153.75,2988.8,3180.0088
10320,10560.25,10372.1,10457.899
1710,1855.5,1672.05,1807.2352
8590,9675.375,8744.35,8676.037
2070,2069.0,2062.3,2218.9954
10830,11059.5,10684.95,11307.889
8840,9103.75,8673.35,8763.7
8270,7415.5,8347.7,7760.6143
8820,9873.75,9060.1,9253.186
6770,7103.75,6818.1,6727.178
2450,2449.25,2380.45,2388.3682
8820,9918.0,8905.7,8701.294
2310,2560.75,3705.75,3319.6326
11000,11595.5,11426.95,11931.734
2720,3368.25,2790.3,2765.672
9900,9362.1875,9442.6,8890.019
4340,3572.25,3813.85,3471.9756
2890,3702.5,2864.15,2765.672
2550,2880.5,2597.25,2565.836
7070,6474.25,7219.55,7689.6294
3270,2948.25,3319.95,3266.1677
3760,3899.75,4033.4,3467.1392
1680,1240.0,1682.7,1885.564
1620,1756.75,1562.15,1448.5256
2320,2104.25,2343.35,2326.364
2640,2740.1875,2741.15,2919.9038
2560,2924.0,2469.45,2412.2732
1270,686.75,1424.35,1566.8894
2100,2100.0,2035.9,2218.9954
1620,1697.5,1577.8,1701.9409
1410,1749.5,1781.55,2059.3323
1590,1279.0,1636.35,1916.7839
2210,2548.5,2348.7,2384.3052
3890,4859.4375,4595.05,4432.9556
2410,2410.0,2361.65,2283.2131
1680,1458.375,1691.6,1798.913
7510,8401.25,7586.05,7704.3413
1140,741.25,1140.35,1442.2972
1620,1618.0,1648.15,1998.7201
3740,2833.75,3388.65,3132.0146
2220,2221.3125,2202.8,2198.7761
4330,5229.25,4490.8,4668.768
3670,3216.75,3582.5,3121.021
4100,4000.75,5301.25,3806.9197
1930,1763.3125,1950.45,2884.5447
4340,3674.0,4523.9,4661.142
3820,3335.25,3707.8,3140.9883
5550,4426.875,5639.15,5596.1
3910,4558.25,3478.85,3242.4648
2920,3510.5625,3224.5,3620.8992
1770,1667.0,1763.6,1729.0103
1770,1385.5,1726.55,1774.7686
2500,1822.0,2260.85,2194.4895
3230,3290.25,3411.7,3724.7478
1630,1482.75,1566.5,1807.2352
2490,2489.25,2526.25,2545.092
2010,1905.0,2051.35,1887.565
3920,7467.375,5018.65,4287.6016
8220,8217.5,7840.35,7809.496
10940,10655.75,10545.85,10410.683
1660,1659.5,1702.7,1762.9823
2690,2857.75,2608.45,2782.1199
2610,3153.0,2913.45,3197.9526
5510,4602.875,5094.2,4362.6113
2910,3832.625,3252.15,2933.1406
1680,1426.25,1598.95,1690.2566
2890,2976.75,3142.35,3439.4304
2250,1595.75,2167.9,1810.5636
5140,6937.5,6027.8,5476.9233
3840,4489.5,3760.85,3286.6587
2710,2924.1875,2787.6,3021.8013
2300,2779.875,2061.8,1898.2172
2460,2667.5,2691.75,2928.871
4010,4018.0,4123.75,3897.8154
4000,3830.5,3887.0,3676.066
1550,2058.75,1720.4,1765.201
3350,2901.75,3288.75,3204.4258
2730,2556.25,2624.15,2944.4607
2810,2910.25,2856.5,3100.9597
4860,5026.25,4785.95,4665.3457
4250,4248.75,4018.25,3201.3186
1530,-182.75,1654.15,1692.5288
2380,1842.0,2176.75,1962.5653
1770,2159.75,1686.35,2131.1667
1180,879.75,1220.65,1705.9562
1250,1812.25,1353.3,1756.9956
1620,1938.0,1574.0,2085.8247
1320,2106.5,1405.15,1391.8079
3170,3168.75,3174.25,3339.7092
2370,2371.9375,3811.2,3411.3923
3390,3407.5,3208.8,2968.1943
14810,15068.625,15365.15,15228.526
5270,5382.0,5164.25,4602.4893
5800,5462.0,5563.75,4761.0967
4020,6333.25,3922.7,3145.327
4550,3773.0,4479.5,4716.1963
5050,5367.0,4885.9,4738.448
4490,4231.75,4677.85,5121.63
6040,5453.75,5177.4,4987.3325
2560,1319.0,2490.2,2404.513
3780,6136.0625,3740.8,3039.0596
2220,1607.75,1992.25,1417.1385
3270,3372.1875,3245.8,3200.9128
5770,5767.25,4317.9,4724.0366
2570,2731.5,2810.85,2790.572
7700,5976.5,7224.8,6849.723
4400,4400.5,3991.2,3807.9548
1620,1618.75,1637.55,1962.5653
3340,3396.25,3385.6,3140.9807
4210,5322.25,4633.55,4375.635
3480,3481.0625,3637.95,3615.289
6720,7128.25,6673.0,6781.4316
3980,4557.75,4125.1,4069.4187
2890,2729.25,2896.4,2775.4912
6740,6433.75,6645.4,6584.752
7340,8124.25,8132.2,7653.5693
1620,1618.75,1607.15,1466.867
3660,3662.25,3762.1,3149.082
2180,2180.25,2585.5,2579.4749
6020,6019.5,4787.5,4970.1885
5510,5201.0,6413.85,6306.107
5460,5462.25,5217.5,5328.186
1620,1179.75,1947.15,1994.4935
8960,9761.75,8585.6,8701.294
8510,8674.75,8572.05,8838.785
8630,8626.25,8818.95,9061.188
8960,9707.25,9312.6,9311.557
6020,5069.0,5434.4,4661.142
7300,2988.1875,6899.3,6800.364
10690,11147.75,10658.25,11562.08
4780,6546.75,5466.15,4933.4624
2430,2428.0,2564.05,3053.2317
4400,3851.25,3933.95,3560.1475
1730,2245.75,1662.9,1982.0544
8910,9943.75,9614.75,9720.096
8600,13451.3125,8380.2,8179.5356
4250,4475.25,4093.35,3836.6
8940,8444.25,8530.9,7956.2686
2270,2849.1875,2246.9,2098.5168
7970,5804.0,8225.5,8209.2705
4300,3959.25,4220.9,3812.828
10470,10578.5,10591.1,11198.244
3010,1150.875,3599.15,3984.3708
10250,11133.75,10732.05,11830.829
2340,2378.75,2246.75,1916.3164
1620,1363.5,1668.95,1900.2106
3180,3183.75,2948.25,2766.0767
1770,2097.0,2530.95,2264.6694
4230,4228.4375,4419.75,4342.5693
2810,2991.25,2878.4,2596.3179
1820,1739.0,2302.45,2274.0896
3210,3956.75,3475.1,3196.1006
4220,4267.9375,4167.0,3923.2305
2000,1999.25,2023.55,1969.2072
3870,4208.0,3620.4,3243.3179
1300,1105.75,1123.25,1277.3131
1530,2289.75,1574.65,1754.2566
4040,3546.75,3510.8,3190.1584
4340,4396.25,4206.8,4462.7476
22520,22434.0625,22776.9,22521.602
2410,944.0,2435.8,2223.8323
2590,2368.25,2506.0,2322.417
3630,3824.0,3871.85,3772.856
4500,4783.0,4396.0,4506.1597
17000,17391.9375,16995.4,17400.928
3930,3361.75,3977.0,3710.2312
1840,1839.5,1795.55,2021.3295
15660,15659.75,15012.8,15832.566
4060,3927.0,4036.8,3798.7844
3660,3754.0,3705.8,3743.3564
1270,1152.75,1133.65,1280.437
15890,15889.25,14974.45,15165.894
4430,5529.25,4476.55,4081.7747
6310,5315.0,6162.7,5982.564
2780,2853.75,2712.8,2823.947
5030,4323.25,5081.5,4658.1245
2890,3122.0,2823.6,2500.614
3320,3596.8125,3418.3,3350.039
4520,4462.25,4654.7,4683.2896
18020,18019.0,16607.15,17357.846
8870,9844.75,9070.35,9253.186
8440,9247.75,10305.35,9208.586
1960,2096.25,1815.9,1442.4082
2070,2068.25,2067.95,2488.925
2730,2729.5,2813.2,2859.1013
1390,1106.25,1223.55,1374.0881
5110,5407.75,4519.75,3828.658
7140,4312.625,7109.4,6737.935
2890,2994.0,2637.55,2804.8435
1290,803.9375,1489.15,1921.7572
5560,6731.75,5578.35,5503.311
1770,2574.0,1736.25,1795.214
1390,2029.75,1413.15,1460.74
1610,1282.0,1683.6,1891.3275
2940,3009.75,3190.1,3266.1677
3620,4317.3125,3529.2,3299.8308
1540,1189.75,1618.4,1774.7686
4500,5748.75,4310.45,4422.135
6270,5248.625,6104.55,5863.7
1890,1845.5,2265.1,2246.74
3590,4454.5,3334.35,3318.6736
2450,1823.4375,2481.2,2543.4324
2150,2182.0,2205.45,2351.8274
9160,9161.25,9642.65,9172.873
2150,2419.25,2104.4,2141.5195
1930,1836.0,1796.45,2082.8733
3520,3519.625,4089.45,4581.8394
4140,4391.4375,4005.5,4002.6687
1340,1966.25,1246.85,1304.9054
6140,6904.5,6193.0,6351.7754
2880,2879.5,2757.6,2451.8972
4900,6250.125,5411.3,5777.0864
4320,4024.25,4197.35,4107.9893
1080,1002.75,1048.55,1272.0582
3340,6737.6875,3529.35,3753.1309
4370,3692.0,4088.65,3676.066
5470,4635.1875,5584.6,5963.8022
3040,3043.3125,2941.25,2982.304
1270,1268.75,1585.7,2252.2783
3220,1847.8125,3158.05,3333.0264
3090,3446.75,3141.4,3069.2317
3960,3754.25,3931.6,3554.8306
3100,3079.25,3153.95,3339.7092
2600,2469.625,2706.8,2832.46
3870,4311.5,3876.95,3628.119
1500,1498.0,1577.65,2075.5332
1740,844.25,1535.95,2002.5092
3500,3502.5,3073.45,2432.249
5450,5150.25,4839.45,4653.421
1990,1989.75,1834.8,2029.4949
4800,5133.25,4934.75,4584.2124
1540,2162.5,1732.65,2018.9154
2070,2579.5,2187.65,2463.1306
4710,3409.625,4658.4,5274.385
7130,7602.1875,7348.6,7271.682
1130,2009.5,1264.05,1717.8257
1420,2066.25,1319.5,1562.3625
2510,2187.5,2184.7,2205.8027
3800,3981.25,3784.1,3584.9746
19540,20330.0,19200.2,19756.68
2220,2219.25,2135.9,1797.3779
930,1336.25,1120.55,1426.1779
2600,2790.25,2688.35,2621.0051
29140,29139.0625,27759.9,28780.375
1870,1869.5,1739.95,2185.8738
6430,6300.5,6400.15,6565.3345
4360,4323.9375,4243.1,3979.4956
5880,5925.25,6331.1,6301.0347
1270,1675.25,1203.55,1375.6271
4310,4297.75,4935.7,5269.548
2070,2830.25,2039.5,2318.221
4570,4391.75,4302.1,4194.5815
3710,3989.5,3788.75,3554.6492
15890,15635.75,16115.25,15829.632
2680,3177.75,2675.85,2826.4841
1330,615.75,1363.5,1387.3542
4880,5294.0,4928.1,4801.9404
2520,2525.5,2432.4,2404.513
2920,2922.25,2789.2,2859.8564
1690,1693.75,1972.7,2342.984
3950,2795.75,4364.7,4578.8916
2000,2000.25,2007.75,2260.9016
1660,1656.0,1586.95,1612.6056
3950,4078.75,4033.35,3674.6345
5680,4828.75,6471.7,5758.2334
1720,2459.0,1743.45,1853.7101
4050,4004.75,4125.35,3812.828
5510,4706.25,6083.05,5708.2725
3060,3061.0,2617.55,2017.9271
3920,3917.75,4945.1,4887.623
1900,1899.75,4513.5,2959.1128
8390,8911.25,8411.6,8733.917
7000,12428.4375,6875.0,6283.6235
3290,3288.875,3377.1,3718.9402
3770,4127.25,3924.45,3879.503
2680,2500.5,2923.45,2825.745
3510,3095.75,3293.6,3237.5696
1940,3126.5,2152.85,2220.2278
1710,2473.0,2044.7,2198.2236
1350,1350.75,1732.8,2390.5066
1390,1515.25,1406.75,1413.5125
2590,2551.25,2529.1,2738.2588
8140,9227.9375,8365.8,8690.651
1210,1211.25,1621.1,2279.6877
9020,8890.0625,8954.15,8779.089
2940,1351.5,2732.7,2452.7354
3710,3481.25,4143.8,4629.1216
4350,3306.5,4695.0,3630.5017
2530,3106.75,2563.6,2793.395
1600,1599.75,1726.0,2293.4055
13970,15364.875,14064.5,14960.837
6280,6789.25,6317.2,6606.0645
4940,5296.0,4946.2,4801.9404
4410,4555.25,4444.95,3944.471
4190,2321.125,4320.95,4503.8145
3970,3869.0625,3871.05,3985.1396
2090,1842.5625,2281.75,2691.5847
5800,5807.25,4800.15,4751.538
4180,4278.75,3925.6,3697.924
1380,1426.25,1472.15,1928.0037
2150,1650.75,1974.3,2129.2
1210,1209.75,1401.25,1622.0958
3950,3739.5,3834.95,3177.6643
2110,2106.75,2510.15,2332.6372
1730,2036.75,1893.7,1840.3479
4070,4726.5,3957.4,4442.2964
2760,2834.0,2980.85,2842.388
1140,1185.75,1214.95,1336.0616
1260,1149.0,1127.35,1478.509
2250,2468.75,2192.8,1840.3479
2150,2148.4375,2226.35,2173.6104
3670,3988.75,3689.05,3459.4233
1690,1690.5,2014.8,2357.2957
930,1400.25,955.35,1255.8662
1460,813.25,1505.35,1945.0295
1070,795.0,1000.95,1212.5432
1870,1799.75,1861.6,2032.1184
2210,2627.6875,2347.85,2370.1465
1830,1993.25,2055.1,2282.7961
2250,2912.25,2297.35,2540.9543
4030,4682.1875,4092.95,4548.143
2060,2064.625,2209.95,2487.6887
6320,6318.8125,6775.05,7357.9385
4610,4523.0,4736.4,4109.913
5540,3310.5,5433.15,4767.1587
1600,2426.0,1652.1,1751.5576
6410,6653.875,6048.95,6202.3394
5970,5684.875,6134.55,6118.4893
5370,5290.375,5402.2,5153.1562
4680,4841.0,4566.8,4724.0737
5220,6125.9375,5249.0,4972.4907
3960,3913.25,3933.85,3765.6106
2520,3439.75,2592.9,2549.5378
3710,4189.25,3903.4,3635.2312
1650,1649.1875,1952.3,2419.7793
11190,11188.5,10005.1,10145.935
3490,2978.25,3442.25,3113.8918
8850,9163.125,8756.25,8704.694
1490,1669.25,1699.35,1986.7678
3730,3243.75,3741.6,2879.8713
6260,6762.25,7303.65,7686.11
4790,4723.1875,4735.25,4677.618
1370,1369.0,1559.15,1683.5438
2820,2155.25,2716.0,2586.7815
1410,1513.5,1562.55,1679.0944
9450,9072.5625,9515.25,8973.393
4010,4451.4375,4025.0,4042.7979
3640,3979.25,3780.7,3800.4453
3090,2844.25,3103.55,2766.0767
2170,1674.0,2337.65,2423.5525
8380,8864.75,8458.35,8683.628
3800,3863.4375,3838.9,3766.4822
2520,2688.5,2557.1,2803.1914
3500,3732.25,3565.85,3800.4453
2490,1953.75,2525.85,2574.0708
9040,9040.25,8885.05,8682.627
5530,5307.5,5051.95,4707.818
1370,1368.0,2051.25,2394.379
6250,5727.75,6258.2,6294.5435
3860,4277.25,3715.75,3853.775
4650,4649.3125,4871.95,4764.9224
1880,1882.0,2064.05,2737.0583
3350,3250.75,3304.35,3019.2817
1430,1304.25,1638.2,1858.2628
4200,3826.75,4189.45,3993.539
1310,796.0,1599.25,1799.8583
8710,10073.5,8996.2,8649.717
3050,3052.875,2934.35,3203.4033
9150,9313.75,9200.85,9263.387
2100,1914.1875,2277.15,2032.6725
1460,1457.25,1448.85,2028.3727
7870,1742.75,7009.75,7498.398
5130,5125.75,4264.8,4502.5747
4240,4781.75,4364.6,4703.6226
1340,1339.25,2405.95,2355.9124
3250,1591.0,3370.9,3415.9395
2460,2388.5,2678.05,2695.1323
7840,4709.25,7617.15,6663.2764
2280,2759.75,2294.15,2416.9429
4180,4737.5,3851.1,3689.6553
7270,7269.25,9159.2,7548.976
12550,12550.75,11528.85,11648.8955
3130,2395.5,3131.85,2870.4814
3150,4338.9375,4391.25,3885.5579
4540,4543.75,4036.55,3506.8218
17160,17157.875,16483.1,17296.445
7420,7315.625,7619.1,7888.6235
1340,1556.25,1451.05,1819.3031
4820,4909.75,4745.95,4517.6333
2380,2379.75,2095.3,1774.5337
2460,2286.75,2556.5,2210.101
2840,2843.375,3239.75,3446.0857
4710,4710.75,4102.05,3634.2898
5570,7310.6875,5598.85,5547.923
930,1054.25,1421.8,1811.0459
4070,4071.0,4740.4,4036.6958
3570,4232.5,3717.55,3559.6423
1340,1337.75,2436.95,2385.4634
1410,1409.5,1501.1,2091.3298
3250,3248.0,3444.75,3435.1404
930,3822.0,1149.75,1793.035
2040,2039.25,2084.05,2704.4983
1410,1729.5,1526.25,1993.34
1140,1598.75,1123.8,1248.4978
4330,5015.25,4459.65,4099.8228
2660,3287.0,2781.25,2645.3616
3640,3664.5,3731.35,3671.9617
1150,657.75,1278.15,1417.1385
2020,1495.5,1880.2,1690.4181
2070,2070.875,2184.35,2488.4
1250,1248.75,1421.3,1642.6042
5870,4933.6875,5851.3,5904.056
5750,6384.25,5711.25,5446.0522
3910,7248.25,3913.85,3681.1194
1130,1205.25,1225.8,1464.3556
3640,4513.25,3707.8,3901.9504
3360,3185.3125,3534.2,3828.5422
1270,1228.75,1375.4,1715.5304
3770,6390.125,4068.85,4677.618
1900,2101.75,2059.95,2290.408
1270,1166.0,1454.75,1726.3114
870,869.75,837.95,1165.3262
3570,3558.0,3688.75,3696.492
1210,1201.0,1371.95,1833.4121
4780,5178.25,4681.2,4520.855
1340,1338.25,1758.45,2156.1038
1410,1781.75,1541.1,1918.6144
2410,2650.25,2416.95,2698.1248
1070,1285.25,1066.8,1329.2269
1270,1341.25,1650.65,1882.4597
2890,2891.5,3052.0,2752.2004
1690,1506.9375,1785.55,1812.3422
1070,944.25,1124.2,1527.1025
2010,2007.75,2466.3,2936.055
1340,1338.9375,1467.8,1872.9475
930,1227.25,1158.85,1705.9562
4030,4024.6875,4010.05,3970.4478
1980,1981.25,1740.0,1672.8552
2040,2561.25,2048.4,1691.3967
5210,5216.0,3806.4,4143.8384
3170,3169.25,3154.75,3138.7778
1380,1408.75,1486.95,1785.5417
1990,1988.5,2022.0,2075.2712
1910,1908.75,2180.4,2232.9753
2390,2103.5,2421.6,2452.7354
4290,4685.25,4364.6,4149.303
4150,4228.0,4066.7,3392.5913
3590,4235.25,3781.75,3540.6057
6680,7732.8125,8415.3,6891.1763
3660,3176.75,3719.45,3553.305
6250,6298.4375,6198.0,6131.6304
6670,7453.3125,6818.2,6767.3413
27670,25290.6875,26129.3,27694.059
8560,8557.0,8563.9,8660.109
2140,2168.75,2188.9,2345.4307
690,689.3125,741.45,1161.7699
3240,3240.25,3338.9,3370.5579
2230,2228.75,2224.5,2367.1846
1150,1413.5,1203.45,1467.7852
2100,2572.5,2162.05,2574.5383
1980,2329.25,2182.85,2594.7773
3030,3030.1875,3239.85,3146.9219
1280,1278.75,1520.2,1918.5594
3380,3738.25,3380.8,3174.0752
3170,3169.25,3154.75,3138.7778
1570,1730.25,1558.35,2075.589
1380,1408.75,1486.95,1785.5417
1990,1988.5,2022.0,2075.2712
1910,1908.75,2180.4,2232.9753
2390,2103.5,2421.6,2452.7354
6680,7732.8125,8415.3,6891.1763
3660,3176.75,3719.45,3553.305
4890,5957.5,6163.1,5099.785
6250,6298.4375,6198.0,6131.6304
6670,7453.3125,6818.2,6767.3413
27670,25290.6875,26129.3,27694.059
8560,8557.0,8563.9,8660.109
2140,2168.75,2188.9,2345.4307
5340,5721.25,5293.9,5171.3994
690,689.3125,741.45,1161.7699
2230,2228.75,2224.5,2367.1846
1150,1413.5,1203.45,1467.7852
3660,4427.0,3719.5,3243.3179
2100,2572.5,2162.05,2574.5383
1980,2329.25,2182.85,2594.7773
3030,3030.1875,3239.85,3146.9219
1280,1278.75,1520.2,1918.5594
7740,9054.75,8370.75,8410.426
1980,1350.0,2239.2,2452.7354
790,790.75,1175.35,1847.6992
3730,3550.25,3747.05,3626.5286
4150,5390.0,4059.0,4189.1636
4430,4937.0,4490.25,4262.3936
3590,4122.75,3631.35,3554.3215
6830,6829.25,6661.3,6213.994
8700,8937.0,8798.2,8704.694
1280,1008.5,1582.15,1497.752
1280,1278.75,1175.9,1657.1288
2470,3013.25,2867.95,2727.9111
860,989.25,942.25,1229.6777
2400,2753.75,2303.25,2370.6394
970,1284.0,1134.2,1921.2162
1070,1663.75,1141.95,1375.6271
10090,10980.5,10287.7,9949.255
2540,2424.5,2805.6,2817.8723
4570,4571.625,5029.8,5344.071
1000,925.25,1204.6,1434.5713
1140,1137.75,1450.7,2014.511
4460,5506.75,4262.6,3953.11
2980,6940.0,3518.4,4154.1025
2330,2662.5,2389.85,2177.2068
3660,4118.6875,3597.75,3568.8633
2260,2257.6875,2594.8,2727.7966
3520,3519.0,2990.5,2436.8704
1490,1642.6875,1662.1,2251.3313
1840,2032.25,2392.35,2275.7236
1350,1351.5,1651.25,1762.6053
2350,3122.25,2557.4,2738.2588
2050,2059.75,2155.95,2580.5635
13590,13586.25,13882.45,12911.207
15480,15478.25,14749.55,15537.295
2400,2398.9375,2187.1,1977.089
21000,19662.9375,19683.95,21180.201
1000,1881.5625,1289.15,2094.7131
860,1456.25,937.8,1521.1492
1210,1771.25,1277.9,1600.5983
5480,4789.25,6477.0,5748.2334
4400,4613.875,4703.45,4301.4463
1070,736.5,1258.7,1962.5653
3870,4916.625,4163.4,4677.618
1170,1360.75,1274.3,1639.8221
4150,4999.0,4343.15,4724.0737
1070,1485.5625,1212.05,1313.0687
2330,2926.5625,2825.15,2935.6333
2470,2753.25,2415.85,2428.8289
1910,1860.75,2071.25,2404.513
3310,4111.25,5350.5,3789.8098
2190,2188.25,2293.3,2295.7666
3400,3467.0,3528.25,3834.9062
2820,3376.25,2913.9,2827.8772
3310,2381.0,3508.9,3590.5894
1630,1144.75,1745.75,1740.8967
4220,4216.25,3875.55,3157.1348
1840,2866.75,1907.15,2230.3755
3590,3491.0,4430.65,5040.5737
3170,2435.75,3304.35,3169.9373
1140,2346.25,1299.15,1376.6929
790,1084.0,1101.0,1813.7355
1210,1257.0,1344.25,1825.1792
580,579.0,763.0,1243.9213
3350,3346.5,3449.4,3257.3613
3130,4227.0,3323.75,3243.3179
4710,5252.5625,4315.25,4063.5806
3450,3795.75,3456.5,3497.694
1140,1180.25,1248.4,1685.7461
5240,5399.25,4995.4,4819.4004
2650,2631.5,2536.9,2297.0564
1140,1138.25,1366.5,2091.3298
1630,1982.8125,1679.2,2102.213
1000,1003.9375,1400.95,1576.1393
2330,3714.75,2443.4,2685.8635
2260,3620.75,2305.0,2512.3826
2260,2260.75,2213.65,2470.5374
4850,6379.875,5086.75,4629.619
3870,4354.75,4224.2,4731.762
4290,5583.6875,4451.25,4942.4097
2050,2051.625,2225.25,2585.2034
720,843.25,843.3,1527.1025
790,1630.25,924.4,1204.9384
860,1022.75,940.75,1469.9336
790,1243.25,866.55,1322.8175
930,1678.25,1125.75,1375.6271
1070,1957.0,1300.2,2037.7588
1490,1170.25,1516.8,1935.8413
3730,3352.25,4119.8,4661.142
3590,4180.0,3810.9,3879.503
4080,4898.5,4337.4,4699.676
3800,4710.6875,3945.2,4078.9526
1210,1158.75,1344.75,1617.3346
4710,4489.25,4767.2,4839.7065
4920,4839.25,4905.2,4961.5244
4920,4893.75,4905.2,4961.5244
2140,2757.25,2198.25,2281.0764
1910,1621.75,2138.35,2281.0764
1490,1492.25,1678.4,2276.3674
1370,1370.25,1457.3,2091.3298
4360,4362.5625,3814.85,3330.8545
2190,2178.25,2073.25,2174.567
2330,2444.5,2333.1,2061.6182
2330,3009.75,2414.95,2390.7175
1350,1977.75,1680.75,1923.7197
2050,5256.5,2756.55,2758.2747
3600,3552.75,3690.2,3456.3306
3590,3690.75,3668.2,3507.1042
1990,2326.75,2036.2,1998.7201
2060,2288.75,2078.75,1691.3967
20930,19334.375,22463.7,21281.361
2820,2960.0,2825.6,2757.8848
1000,999.5,1415.1,2045.004
1070,1878.0,1740.55,2144.3289
1980,2225.5625,2121.05,2633.347
860,859.5,972.05,1625.6382
650,1297.75,795.05,1369.2177
3380,3636.5,3680.35,3866.4944
3950,4009.5,4015.4,3879.2815
3870,3858.75,3826.2,3816.805
3800,3802.125,4732.75,4840.443
4990,4989.25,3963.8,3911.7231
1910,1574.25,2091.6,2473.32
3050,6061.125,3238.45,3395.2485
5410,4811.75,5161.5,4688.2505
3660,3659.25,3787.35,3712.414
5760,5762.1875,5431.85,5117.8916
740,742.6875,1300.35,1809.0284
890,1366.75,956.3,1248.4978
5690,4224.0,5910.2,6773.2427
6670,6164.0,8731.5,7317.253
1160,1531.8125,1386.35,1754.8196
1980,2373.5,2246.9,2496.8845
3940,5221.625,3980.95,4418.962
3590,3589.4375,3735.0,3937.5154
6250,6238.25,6357.8,6989.634
3920,3920.0,3125.7,2852.421
3380,4341.0625,3372.15,3145.557
6040,6041.25,6038.55,6054.7437
4570,7188.625,5058.9,5656.57
3730,4097.25,3904.35,3900.5283
3870,4668.375,3887.4,4140.2236
3730,4857.25,4225.8,4604.3926
2810,2829.25,2656.8,2493.1467
860,859.0,1130.0,1910.2234
2350,3933.75,2591.45,2535.127
2060,2912.75,2247.85,2871.0857
6480,6304.5,7790.9,6874.067
1350,1732.0,1703.7,2288.6033
3140,3140.75,2990.55,2727.685
5380,9892.1875,6363.0,6693.25
3650,4173.5,3827.95,3802.597
3730,4384.5,3966.85,3992.4507
3800,3847.5,3781.7,3439.8086
4290,4218.75,4560.65,4673.1094
2070,2202.25,2073.4,1691.3967
1810,2535.5,1847.6,1819.4523
2020,2019.9375,2138.9,2288.9956
990,990.5,1407.2,2034.5085
5060,4149.25,5331.6,5084.7812
640,640.5625,1307.75,1329.8704
3380,3346.25,3415.15,3142.9412
2190,2190.5,2376.55,2404.513
3030,4045.3125,3263.65,3753.1309
3030,4174.5,3264.6,3243.3179
1150,1804.75,1467.35,1704.1714
3590,4079.0,3945.25,4246.694
3420,3775.0,3646.45,3814.4888
5710,4793.125,5581.2,5085.0537
4150,4207.8125,3799.35,4063.034
2210,2267.75,2178.45,2404.513
1510,1509.25,1556.0,2028.3727
1300,1478.5,1530.15,1694.9319
9300,9154.75,8093.2,8041.685
1960,2300.75,2376.95,2459.7004
3740,3410.25,3558.05,3319.936
2540,3082.25,2316.95,2457.072
2500,2499.25,2474.35,2738.2588
4920,7322.375,5311.6,5965.8213
3720,3530.5,3622.45,3757.3738
5570,5569.875,5434.35,5366.218
2070,2202.25,2073.4,1691.3967
9140,13658.1875,8973.85,8701.563
30880,24544.375,28746.1,30709.834
1000,2288.75,1103.1,1631.2249
5060,4149.25,5331.6,5084.7812
4990,4773.75,5633.2,6215.3267
3580,5206.5,3973.5,4124.957
1230,1897.5,1518.35,2180.5195
2150,593.875,2859.95,2844.9683
3190,934.375,4112.4,3580.1526
1940,2755.8125,2301.6,2719.8193
1100,1597.5,1329.65,1689.342
5100,5365.0625,6078.0,5211.883
4860,4976.75,5012.0,4961.5244
640,1535.25,1002.1,1684.6956
1280,1997.75,1815.6,1990.5544
1710,2047.75,2060.6,2207.9524
700,701.25,1089.8,1772.4457
1210,1023.25,1518.0,1500.5104
1600,1600.0,1958.2,1954.0105
1230,1229.5,1560.45,1810.7418
4080,4080.0,4047.45,3681.1194
3230,4419.25,3507.35,3526.2769
3890,3831.0,3826.3,3439.8086
3590,3890.5,3837.65,3809.0867
5050,5049.75,5212.85,5366.218
1570,1573.9375,1638.2,1872.9475
7170,7614.5,7303.8,7452.5776
2780,4555.375,2800.7,2735.2754
1660,1659.75,1684.9,1679.0944
760,1192.75,1029.9,1761.9645
470,887.75,765.35,1327.654
650,809.0,844.95,1357.8993
3630,3875.75,3973.05,4223.044
1240,1558.25,1489.85,1923.1495
720,246.9375,1027.75,1775.1515
3140,3139.5,3156.9,3567.0042
730,58.75,861.6,1243.9213
680,679.0,933.85,1376.6129
1620,2134.75,1774.3,2504.2893
1470,2658.75,1899.35,2457.072
1420,1257.75,1802.5,2209.214
5760,3246.0,5472.3,4767.1587
4080,4873.75,4244.6,4655.076
4180,4903.5,4271.45,4655.076
1260,1262.125,1607.25,1469.4913
4770,4770.5,5731.35,5845.6504
28080,28080.0,28137.9,28319.783
7930,9075.0,8546.15,8793.131
1560,2440.5,1841.35,2431.9143
1500,1853.25,1701.45,2038.7997
2660,2659.75,2576.95,2495.6453
950,1448.0,1271.75,1637.5708
2820,4113.0,3250.65,3293.516
3510,7593.75,3868.4,3633.902
4710,8225.0,5573.1,5221.842
3100,4549.75,3424.15,3763.7292
560,561.25,1162.4,1620.1678
5660,5657.75,5336.85,4622.3687
5650,5544.25,6091.15,7101.55
4010,4407.25,4144.25,3845.008
560,1148.5,802.6,1225.807
23570,23571.625,20916.55,22813.393
13870,13868.875,11313.85,13087.617
2870,2868.375,2593.15,2969.5276
